phenotype,t_stat,p_value
Phenotype_A,-478.18254190585856,0.0
Phenotype_B,290.3269240506743,0.0
Phenotype_C,534.2261336211911,0.0
Phenotype_D,423.17579782121817,0.0
Phenotype_E,-730.9783105841362,0.0
